order_id,order_date,customer_id,product_id,payment_method,payment_status,quantity,unit_price,discount,net_sales
ORD000001,2026-08-01,C0158,P039,Bank Transfer,PAID,2,940.5,0.0,1881.0
ORD000002,2026-12-01,C0123,P038,Bank Transfer,PAID,1,12900.0,0.1,11610.0
ORD000003,2026-01-26,C0119,P031,PromptPay,PAID,3,1415.5,0.05,4034.175
ORD000004,2026-01-18,C0065,P003,Bank Transfer,PAID,2,25900.0,0.0,51800.0
ORD000005,2026-08-01,C0129,P007,Credit Card,PAID,2,23310.0,0.05,44289.0
ORD000006,2026-01-23,C0097,P037,Bank Transfer,PAID,2,27195.0,0.0,54390.0
ORD000007,2026-01-24,C0139,P001,Bank Transfer,PAID,1,284.05,0.0,284.05
ORD000009,2026-01-16,C0162,P017,Bank Transfer,PAID,1,990.0,0.05,940.5
ORD000010,2026-07-01,C0100,P017,Bank Transfer,PAID,2,990.0,0.1,1782.0
ORD000011,2026-12-01,C0120,P028,Credit Card,PAID,2,313.95,0.0,627.9
ORD000012,2026-08-01,C0141,P008,Bank Transfer,PAID,2,449.1,0.05,853.2900000000001
ORD000013,2026-01-27,C0110,P002,Bank Transfer,PAID,2,1341.0,0.0,2682.0
ORD000014,2026-01-20,C0142,P017,Credit Card,PAID,4,990.0,0.0,3960.0
ORD000015,2026-04-01,C0151,P018,Bank Transfer,PAID,2,4189.5,0.0,8379.0
ORD000016,2026-01-18,C0072,P006,Bank Transfer,PAID,1,313.95,0.0,313.95
ORD000017,2026-01-27,C0048,P019,Bank Transfer,PAID,2,3591.0,0.0,7182.0
ORD000018,2026-05-01,C0037,P001,Bank Transfer,PAID,3,299.0,0.0,897.0
ORD000019,2026-01-14,C0159,P019,PromptPay,PAID,1,4189.5,0.1,3770.55
ORD000020,2026-08-01,C0115,P007,Credit Card,PAID,1,25900.0,0.0,25900.0
ORD000021,2026-01-18,C0007,P007,Bank Transfer,PAID,1,27195.0,0.05,25835.25
ORD000022,2026-01-15,C0049,P999,Credit Card,PAID,2,499.0,0.0,998.0
ORD000023,2026-10-01,C0071,P034,Bank Transfer,FAILED,1,299.0,0.1,269.1
ORD000024,2026-01-28,C0042,P033,Bank Transfer,PAID,1,13545.0,0.0,13545.0
ORD000025,2026-07-01,C0079,P011,Credit Card,PAID,1,25900.0,0.0,25900.0
ORD000026,2026-04-01,C0107,P008,Credit Card,PAID,1,499.0,0.0,499.0
ORD000027,2026-01-23,C0143,P019,Credit Card,PAID,2,3790.5,0.1,6822.9
ORD000028,2026-08-01,C0139,P013,Credit Card,PAID,4,523.95,0.0,2095.8
ORD000029,2026-09-01,C0161,P028,Bank Transfer,PAID,1,269.1,0.1,242.19000000000003
ORD000030,2026-10-01,C0003,P006,PromptPay,PAID,1,299.0,0.05,284.05
ORD000031,2026-01-16,C0087,P027,PromptPay,PAID,1,24605.0,0.0,24605.0
ORD000032,2026-01-01,C0085,P035,Bank Transfer,PAID,1,25900.0,0.0,25900.0
ORD000033,2026-01-13,C0164,P032,PromptPay,FAILED,1,23310.0,0.05,22144.5
ORD000034,2026-01-24,C0044,P005,PromptPay,PAID,1,313.95,0.0,313.95
ORD000035,2026-01-16,C0045,P033,PromptPay,PAID,3,12900.0,0.0,38700.0
ORD000036,2026-01-21,C0043,P005,Credit Card,PAID,1,299.0,0.0,299.0
ORD000037,2026-01-20,C0108,P017,PromptPay,PAID,4,990.0,0.0,3960.0
ORD000038,2026-01-18,C0008,P009,PromptPay,PAID,1,284.05,0.05,269.8475
ORD000039,2026-01-28,C0126,P004,PromptPay,PAID,2,1415.5,0.0,2831.0
ORD000040,2026-01-15,C0086,P021,PromptPay,PAID,1,23310.0,0.0,23310.0
ORD000041,2026-11-01,C0008,P034,Credit Card,PAID,2,284.05,0.0,568.1
ORD000042,2026-01-21,C0114,P032,Credit Card,PAID,1,25900.0,0.0,25900.0
ORD000043,2026-03-01,C0006,P018,Bank Transfer,PAID,1,3790.5,0.05,3600.975
ORD000044,2026-01-24,C0126,P022,Credit Card,PAID,2,499.0,0.05,948.1
ORD000045,2026-01-16,C0068,P019,Bank Transfer,PAID,3,3990.0,0.0,11970.0
ORD000046,2026-01-21,C0097,P026,Bank Transfer,PAID,2,12900.0,0.1,23220.0
ORD000047,2026-01-01,C0100,P038,PromptPay,PAID,4,11610.0,0.0,46440.0
ORD000048,2026-01-13,C0040,P038,PromptPay,PAID,2,12900.0,0.0,25800.0
ORD000049,2026-01-18,C0059,P019,PromptPay,PAID,1,3990.0,0.05,3790.5
ORD000050,2026-09-01,C0067,P006,Bank Transfer,PAID,1,313.95,0.0,313.95
ORD000051,2026-01-24,C0035,P039,Credit Card,PAID,4,990.0,0.0,3960.0
ORD000052,2026-01-18,C0079,P035,Credit Card,PAID,1,23310.0,0.0,23310.0
ORD000053,2026-01-16,C0113,P019,Credit Card,PAID,4,3990.0,0.05,15162.0
ORD000054,2026-01-01,C0046,P035,Bank Transfer,PAID,1,25900.0,0.1,23310.0
ORD000055,2026-07-01,C0132,P027,Credit Card,PAID,2,23310.0,0.0,46620.0
ORD000056,2026-07-01,C0083,P017,Bank Transfer,PAID,1,990.0,0.0,990.0
ORD000057,2026-01-20,C0054,P039,Bank Transfer,PAID,2,990.0,0.0,1980.0
ORD000058,2026-01-16,C0096,P038,PromptPay,PAID,2,13545.0,0.05,25735.5
ORD000059,2026-01-22,C0038,P005,Bank Transfer,PAID,1,284.05,0.0,284.05
ORD000060,2026-01-15,C0057,P005,Credit Card,PAID,1,299.0,0.1,269.1
ORD000061,2026-08-01,C0102,P023,Bank Transfer,PAID,2,313.95,0.1,565.11
ORD000062,2026-09-01,C0036,P020,PromptPay,PAID,3,499.0,0.0,1497.0
ORD000063,2026-08-01,C0034,P025,Credit Card,PAID,3,27195.0,0.0,81585.0
ORD000064,2026-07-01,C0152,P014,Credit Card,PAID,1,1039.5,0.1,935.55
ORD000065,2026-01-20,C0160,P031,Bank Transfer,PAID,3,1490.0,0.0,4470.0
ORD000066,2026-01-25,C0162,P039,Bank Transfer,PAID,2,990.0,0.0,1980.0
ORD000067,2026-11-01,C0125,P035,Credit Card,PAID,1,25900.0,0.0,25900.0
ORD000068,2026-01-15,C0052,P039,PromptPay,PAID,1,940.5,0.05,893.475
ORD000069,2026-09-01,C0081,P039,Credit Card,PAID,1,1039.5,0.0,1039.5
ORD000070,2026-01-28,C0069,P014,Bank Transfer,PAID,4,1039.5,0.0,4158.0
ORD000071,2026-01-01,C0021,P008,Credit Card,PAID,1,523.95,0.0,523.95
ORD000072,2026-01-24,C0028,P032,Credit Card,PAID,4,23310.0,0.05,88578.0
ORD000073,2026-01-13,C0009,P022,Credit Card,PAID,1,474.05,0.0,474.05
ORD000074,2026-01-17,C0110,P031,Credit Card,PAID,4,1490.0,0.0,5960.0
ORD000075,2026-01-22,C0039,P007,Credit Card,PAID,2,24605.0,0.05,46749.5
ORD000076,2026-08-01,C0163,P033,Credit Card,PAID,1,11610.0,0.1,10449.0
ORD000077,2026-08-01,C0143,P026,PromptPay,PAID,2,12255.0,0.0,24510.0
ORD000078,2026-01-22,C0070,P017,Bank Transfer,PAID,1,1039.5,0.05,987.525
ORD000079,2026-05-01,C0005,P037,Bank Transfer,PAID,1,25900.0,0.1,23310.0
ORD000080,2026-01-28,C0008,P019,Bank Transfer,PAID,3,4189.5,0.05,11940.075
ORD000081,2026-11-01,C0061,P018,Credit Card,PAID,4,3591.0,0.0,14364.0
ORD000082,2026-01-21,C0147,P020,PromptPay,PAID,2,474.05,0.1,853.29
ORD000083,2026-01-17,C0070,P021,PromptPay,PAID,1,25900.0,0.0,25900.0
ORD000084,2026-01-27,C0132,P026,PromptPay,PAID,1,11610.0,0.0,11610.0
ORD000085,2026-01-20,C0145,P003,Credit Card,PAID,2,24605.0,0.0,49210.0
ORD000086,2026-01-22,C0038,P015,Bank Transfer,PAID,4,269.1,0.0,1076.4
ORD000087,2026-01-25,C0068,P001,Credit Card,PAID,3,299.0,0.0,897.0
ORD000088,2026-01-28,C0118,P024,PromptPay,PAID,2,284.05,0.1,511.29
ORD000089,2026-01-26,C0070,P026,PromptPay,PAID,1,12900.0,0.0,12900.0
ORD000090,2026-01-19,C0083,P038,Bank Transfer,PAID,1,12900.0,0.0,12900.0
ORD000091,2026-01-18,C0156,P037,PromptPay,PAID,1,25900.0,0.05,24605.0
ORD000092,2026-01-16,C0086,P006,Credit Card,PAID,1,313.95,0.0,313.95
ORD000093,2026-01-17,C0160,P013,PromptPay,FAILED,2,523.95,0.05,995.5050000000001
ORD000094,2026-05-01,C0014,P012,Bank Transfer,PAID,1,1039.5,0.1,935.55
ORD000095,2026-01-01,C0062,P020,Credit Card,PAID,2,499.0,0.0,998.0
ORD000096,2026-01-26,C0090,P024,Credit Card,PAID,2,284.05,0.0,568.1
ORD000097,2026-01-16,C0008,P009,PromptPay,PAID,4,299.0,0.0,1196.0
ORD000098,2026-01-14,C0099,P016,Credit Card,PAID,2,1490.0,0.1,2682.0
ORD000099,2026-01-24,C0136,P039,PromptPay,PAID,3,1039.5,0.0,3118.5
ORD000100,2026-05-01,C0014,P038,Bank Transfer,PAID,2,13545.0,0.0,27090.0
ORD000101,2026-01-20,C0093,P034,Bank Transfer,FAILED,1,284.05,0.0,284.05
ORD000101,2026-01-20,C0093,P034,Bank Transfer,FAILED,1,284.05,0.0,284.05
ORD000102,2026-05-01,C0078,P002,Bank Transfer,PAID,4,1341.0,0.05,5095.8
ORD000103,2026-11-01,C0079,P014,Credit Card,PAID,1,940.5,0.1,846.45
ORD000104,2026-01-13,C0157,P036,Credit Card,PAID,2,299.0,0.1,538.2
ORD000105,2026-07-01,C0099,P002,Credit Card,PAID,2,1341.0,0.1,2413.8
ORD000106,2026-07-01,C0157,P008,PromptPay,REFUNDED,4,474.05,0.1,1706.58
ORD000107,2026-01-23,C0065,P023,Credit Card,PAID,2,299.0,0.0,598.0
ORD000108,2026-01-17,C0138,P029,Credit Card,PAID,4,3990.0,0.0,15960.0
ORD000109,2026-01-19,C0140,P033,Credit Card,PAID,1,13545.0,0.0,13545.0
ORD000110,2026-01-27,C0066,P002,PromptPay,PAID,3,1341.0,0.0,4023.0
ORD000111,2026-04-01,C0146,P008,Credit Card,PAID,3,449.1,0.0,1347.3000000000002
ORD000112,2026-01-18,C0097,P034,Bank Transfer,FAILED,2,313.95,0.05,596.505
ORD000113,2026-03-01,C0024,P027,Bank Transfer,PAID,3,24605.0,0.0,73815.0
ORD000114,2026-01-01,C0050,P014,PromptPay,PAID,3,1039.5,0.0,3118.5
ORD000115,2026-01-21,C0085,P009,Bank Transfer,PAID,4,313.95,0.0,1255.8
ORD000116,2026-01-24,C0073,P002,Bank Transfer,PAID,4,1341.0,0.0,5364.0
ORD000117,2026-09-01,C0012,P016,Bank Transfer,PAID,1,1415.5,0.0,1415.5
ORD000118,2026-01-21,C0075,P025,Bank Transfer,PAID,1,23310.0,0.05,22144.5
ORD000119,2026-01-25,C0007,P022,Bank Transfer,PAID,1,449.1,0.0,449.1
ORD000120,2026-01-15,C0092,P020,PromptPay,PAID,4,499.0,0.0,1996.0
ORD000121,2026-05-01,C0052,P006,Credit Card,REFUNDED,1,313.95,0.0,313.95
ORD000122,2026-08-01,C0051,P010,PromptPay,PAID,3,891.0,0.1,2405.7
ORD000123,2026-08-01,C0035,P024,Bank Transfer,PAID,1,313.95,0.0,313.95
ORD000124,2026-01-15,C0012,P007,PromptPay,PAID,1,27195.0,0.05,25835.25
ORD000125,2026-01-24,C0155,P003,PromptPay,PAID,1,25900.0,0.0,25900.0
ORD000126,2026-03-01,C0056,P022,Credit Card,PAID,1,523.95,0.05,497.75250000000005
ORD000127,2026-01-27,C0060,P040,Bank Transfer,PAID,3,3790.5,0.05,10802.925
ORD000128,2026-01-13,C0138,P012,Credit Card,PAID,3,940.5,0.0,2821.5
ORD000129,2026-01-24,C0098,P031,PromptPay,PAID,1,1490.0,0.0,1490.0
ORD000130,2026-07-01,C0067,P006,Credit Card,FAILED,2,299.0,0.05,568.1
ORD000131,2026-03-01,C0101,P010,Bank Transfer,PAID,2,891.0,0.05,1692.9
ORD000132,2026-01-28,C0146,P022,Credit Card,PAID,1,523.95,0.1,471.55500000000006
ORD000133,2026-11-01,C0078,P008,Credit Card,PAID,3,449.1,0.0,1347.3000000000002
ORD000134,2026-08-01,C0007,P018,Bank Transfer,PAID,2,3591.0,0.05,6822.9
ORD000135,2026-01-15,C0076,P027,Credit Card,PAID,2,25900.0,0.05,49210.0
ORD000136,2026-01-18,C0052,P003,PromptPay,PAID,2,25900.0,0.0,51800.0
ORD000137,2026-07-01,C0003,P039,PromptPay,PAID,2,990.0,0.05,1881.0
ORD000138,2026-08-01,C0145,P030,Credit Card,PAID,1,474.05,0.1,426.645
ORD000139,2026-05-01,C0075,P016,Credit Card,PAID,1,1490.0,0.0,1490.0
ORD000140,2026-04-01,C0132,P023,Credit Card,PAID,1,269.1,0.05,255.645
ORD000141,2026-01-14,C0069,P011,Credit Card,PAID,2,23310.0,0.0,46620.0
ORD000142,2026-08-01,C0127,P010,Bank Transfer,FAILED,2,891.0,0.0,1782.0
ORD000143,2026-01-18,C0133,P007,Credit Card,PAID,1,25900.0,0.05,24605.0
ORD000144,2026-01-24,C0165,P036,Credit Card,PAID,2,284.05,0.0,568.1
ORD000145,2026-11-01,C0142,P009,Credit Card,PAID,1,313.95,0.1,282.555
ORD000146,2026-01-13,C0096,P023,Bank Transfer,PAID,1,299.0,0.0,299.0
ORD000147,2026-01-24,C0114,P001,Bank Transfer,PAID,1,299.0,0.0,299.0
ORD000148,2026-01-16,C0121,P040,Credit Card,FAILED,1,3591.0,0.05,3411.45
ORD000149,2026-04-01,C0033,P028,Bank Transfer,PAID,1,299.0,0.05,284.05
ORD000150,2026-11-01,C0067,P033,Bank Transfer,PAID,2,12900.0,0.0,25800.0
ORD000151,2026-06-01,C0004,P036,Credit Card,PAID,1,269.1,0.0,269.1
ORD000152,2026-01-20,C0026,P040,Bank Transfer,PAID,2,3990.0,0.0,7980.0
ORD000153,2026-08-01,C0120,P011,Credit Card,PAID,1,25900.0,0.0,25900.0
ORD000154,2026-04-01,C0047,P009,PromptPay,PAID,4,299.0,0.0,1196.0
ORD000155,2026-01-19,C0130,P014,PromptPay,PAID,4,990.0,0.0,3960.0
ORD000156,2026-07-01,C0014,P001,PromptPay,PAID,2,269.1,0.0,538.2
ORD000157,2026-01-13,C0054,P024,Credit Card,PAID,1,299.0,0.0,299.0
ORD000158,2026-01-14,C0073,P027,Bank Transfer,PAID,1,23310.0,0.05,22144.5
ORD000159,2026-08-01,C0141,P006,Credit Card,PAID,1,284.05,0.05,269.8475
ORD000160,2026-01-15,C0059,P014,Credit Card,PAID,2,990.0,0.0,1980.0
ORD000161,2026-11-01,C0092,P012,Bank Transfer,PAID,1,891.0,0.05,846.45
ORD000162,2026-01-24,C0130,P002,Credit Card,PAID,2,1415.5,0.05,2689.45
ORD000163,2026-01-24,C0093,P037,PromptPay,PAID,1,24605.0,0.1,22144.5
ORD000164,2026-06-01,C0112,P033,Credit Card,PAID,3,11610.0,0.0,34830.0
ORD000165,2026-01-26,C0002,P024,PromptPay,PAID,1,299.0,0.0,299.0
ORD000166,2026-05-01,C0001,P027,Bank Transfer,PAID,3,27195.0,0.0,81585.0
ORD000167,2026-04-01,C0151,P006,Credit Card,FAILED,1,284.05,0.1,255.645
ORD000168,2026-10-01,C0004,P019,Credit Card,PAID,3,3990.0,0.0,11970.0
ORD000169,2026-01-23,C0073,P018,Bank Transfer,PAID,1,3591.0,0.1,3231.9
ORD000170,2026-01-18,C0004,P020,Bank Transfer,PAID,1,499.0,0.0,499.0
ORD000171,2026-01-26,C0160,P010,Credit Card,PAID,2,891.0,0.0,1782.0
ORD000172,2026-01-20,C0028,P034,PromptPay,PAID,1,299.0,0.1,269.1
ORD000173,2026-03-01,C0137,P007,Credit Card,PAID,3,27195.0,0.0,81585.0
ORD000174,2026-01-28,C0075,P018,Credit Card,PAID,4,3990.0,0.05,15162.0
ORD000175,2026-01-26,C0088,P004,Credit Card,PAID,3,1564.5,0.0,4693.5
ORD000176,2026-01-21,C0120,P025,Credit Card,PAID,2,27195.0,0.0,54390.0
ORD000177,2026-04-01,C0015,P027,Credit Card,PAID,2,23310.0,0.05,44289.0
ORD000178,2026-01-26,C0127,P028,Bank Transfer,PAID,4,299.0,0.0,1196.0
ORD000179,2026-01-22,C0147,P012,Credit Card,FAILED,4,940.5,0.05,3573.9
ORD000180,2026-06-01,C0026,P021,Bank Transfer,PAID,1,23310.0,0.0,23310.0
ORD000181,2026-01-17,C0078,P007,PromptPay,PAID,1,25900.0,0.0,25900.0
ORD000182,2026-01-19,C0135,P025,Credit Card,PAID,1,23310.0,0.0,23310.0
ORD000183,2026-11-01,C0044,P038,PromptPay,PAID,3,11610.0,0.0,34830.0
ORD000184,2026-01-17,C0154,P019,PromptPay,PAID,4,3790.5,0.0,15162.0
ORD000185,2026-08-01,C0140,P028,Credit Card,PAID,4,269.1,0.1,968.7600000000001
ORD000186,2026-11-01,C0077,P003,Bank Transfer,FAILED,1,27195.0,0.0,27195.0
ORD000187,2026-01-22,C0092,P039,Credit Card,PAID,2,990.0,0.0,1980.0
ORD000188,2026-01-22,C0047,P031,Credit Card,PAID,4,1490.0,0.05,5662.0
ORD000189,2026-09-01,C0165,P008,PromptPay,PAID,2,523.95,0.1,943.1100000000001
ORD000190,2026-01-28,C0129,P025,PromptPay,PAID,4,27195.0,0.0,108780.0
ORD000191,2026-01-17,C0011,P023,PromptPay,PAID,1,299.0,0.0,299.0
ORD000192,2026-01-13,C0101,P039,Bank Transfer,PAID,1,1039.5,0.0,1039.5
ORD000193,2026-01-18,C0052,P005,Credit Card,PAID,2,299.0,0.1,538.2
ORD000194,2026-01-22,C0113,P001,Bank Transfer,PAID,1,299.0,0.1,269.1
ORD000195,2026-11-01,C0094,P014,Bank Transfer,PAID,2,990.0,0.0,1980.0
ORD000196,2026-01-20,C0132,P007,PromptPay,PAID,1,25900.0,0.1,23310.0
ORD000197,2026-06-01,C0099,P002,Credit Card,PAID,1,1415.5,0.05,1344.725
ORD000198,2026-01-22,C0040,P012,Bank Transfer,PAID,4,990.0,0.1,3564.0
ORD000199,2026-01-21,C0161,P010,PromptPay,PAID,2,891.0,0.0,1782.0
ORD000200,2026-01-01,C0097,P004,PromptPay,PAID,2,1341.0,0.0,2682.0
ORD000201,2026-01-22,C0059,P022,PromptPay,PAID,4,449.1,0.0,1796.4
ORD000202,2026-04-01,C0019,P027,PromptPay,PAID,2,23310.0,0.05,44289.0
ORD000203,2026-12-01,C0083,P025,Credit Card,PAID,1,25900.0,0.0,25900.0
ORD000204,2026-06-01,C0131,P036,Credit Card,PAID,2,313.95,0.0,627.9
ORD000205,2026-01-17,C0160,P030,Credit Card,FAILED,4,499.0,0.05,1896.2
ORD000206,2026-06-01,C0008,P023,PromptPay,PAID,4,269.1,0.0,1076.4
ORD000207,2026-11-01,C0052,P001,PromptPay,PAID,1,313.95,0.0,313.95
ORD000208,2026-01-25,C0024,P037,PromptPay,PAID,4,23310.0,0.1,83916.0
ORD000209,2026-01-14,C0067,P006,PromptPay,PAID,1,284.05,0.0,284.05
ORD000210,2026-01-26,C0013,P009,Credit Card,PAID,1,299.0,0.0,299.0
ORD000211,2026-01-24,C0066,P022,Credit Card,PAID,2,499.0,0.05,948.1
ORD000212,2026-10-01,C0071,P001,Credit Card,PAID,2,284.05,0.1,511.29
ORD000213,2026-01-17,C0025,P021,PromptPay,PAID,1,25900.0,0.0,25900.0
ORD000214,2026-09-01,C0014,P019,Credit Card,PAID,2,3990.0,0.0,7980.0
ORD000215,2026-01-21,C0040,P036,PromptPay,PAID,2,299.0,0.05,568.1
ORD000216,2026-01-28,C0024,P033,Credit Card,PAID,1,12255.0,0.0,12255.0
ORD000217,2026-01-16,C0081,P028,PromptPay,REFUNDED,1,284.05,0.05,269.8475
ORD000218,2026-01-01,C0072,P020,Bank Transfer,PAID,3,474.05,0.1,1279.9350000000002
ORD000219,2026-10-01,C0081,P021,Bank Transfer,PAID,1,27195.0,0.0,27195.0
ORD000220,2026-12-01,C0135,P037,Credit Card,PAID,1,24605.0,0.0,24605.0
ORD000221,2026-01-25,C0157,P008,Credit Card,PAID,4,523.95,0.05,1991.0100000000002
ORD000222,2026-01-23,C0109,P027,Credit Card,PAID,1,24605.0,0.1,22144.5
ORD000223,2026-01-17,C0051,P014,PromptPay,PAID,2,940.5,0.0,1881.0
ORD000224,2026-01-14,C0012,P031,PromptPay,PAID,1,1490.0,0.0,1490.0
ORD000225,2026-01-16,C0135,P025,PromptPay,PAID,1,23310.0,0.05,22144.5
ORD000226,2026-08-01,C0064,P003,Credit Card,PAID,3,23310.0,0.0,69930.0
ORD000227,2026-02-01,C0007,P016,Bank Transfer,PAID,1,1490.0,0.0,1490.0
ORD000228,2026-01-17,C0053,P028,Credit Card,PAID,3,299.0,0.0,897.0
ORD000229,2026-08-01,C0008,P017,Bank Transfer,PAID,2,940.5,0.0,1881.0
ORD000230,2026-01-19,C0160,P015,PromptPay,PAID,4,299.0,0.1,1076.4
ORD000231,2026-11-01,C0033,P038,Credit Card,PAID,1,12900.0,0.0,12900.0
ORD000232,2026-08-01,C0004,P008,PromptPay,PAID,1,499.0,0.05,474.05
ORD000233,2026-01-18,C0085,P007,PromptPay,PAID,2,25900.0,0.0,51800.0
ORD000234,2026-06-01,C0025,P026,Bank Transfer,PAID,2,12900.0,0.0,25800.0
ORD000235,2026-12-01,C0087,P030,PromptPay,PAID,3,499.0,0.0,1497.0
ORD000236,2026-01-19,C0068,P027,Bank Transfer,PAID,1,23310.0,0.05,22144.5
ORD000237,2026-01-17,C0020,P030,Bank Transfer,PAID,3,523.95,0.1,1414.6650000000002
ORD000238,2026-10-01,C0140,P034,Bank Transfer,PAID,2,313.95,0.0,627.9
ORD000239,2026-01-27,C0044,P004,Credit Card,PAID,2,1490.0,0.0,2980.0
ORD000240,2026-01-01,C0091,P018,PromptPay,PAID,1,3990.0,0.0,3990.0
ORD000241,2026-01-24,C0003,P026,Credit Card,PAID,3,12255.0,0.0,36765.0
ORD000242,2026-08-01,C0106,P016,Credit Card,PAID,2,1490.0,0.0,2980.0
ORD000243,2026-01-19,C0129,P013,Bank Transfer,PAID,3,499.0,0.1,1347.3
ORD000244,2026-01-16,C0153,P029,PromptPay,PAID,2,3990.0,0.05,7581.0
ORD000245,2026-11-01,C0058,P031,Credit Card,PAID,1,1415.5,0.1,1273.95
ORD000246,2026-12-01,C0107,P028,Bank Transfer,PAID,1,269.1,0.05,255.645
ORD000247,2026-01-20,C0025,P029,PromptPay,PAID,2,4189.5,0.05,7960.05
ORD000248,2026-01-14,C0144,P009,PromptPay,PAID,1,284.05,0.0,284.05
ORD000249,2026-04-01,C0121,P008,Credit Card,PAID,3,499.0,0.0,1497.0
ORD000250,2026-01-20,C0160,P039,Credit Card,PAID,3,891.0,0.05,2539.35
ORD000251,2026-10-01,C0014,P010,Bank Transfer,PAID,3,891.0,0.1,2405.7
ORD000252,2026-12-01,C0068,P020,Credit Card,PAID,1,449.1,0.1,404.19
ORD000253,2026-05-01,C0139,P029,Bank Transfer,PAID,4,3990.0,0.1,14364.0
ORD000254,2026-02-01,C0030,P012,Bank Transfer,PAID,2,990.0,0.0,1980.0
ORD000255,2026-01-26,C0090,P010,PromptPay,PAID,2,940.5,0.0,1881.0
ORD000256,2026-07-01,C0056,P024,PromptPay,FAILED,4,299.0,0.0,1196.0
ORD000257,2026-01-15,C0016,P014,Credit Card,PAID,1,990.0,0.05,940.5
ORD000258,2026-02-01,C0050,P002,PromptPay,PAID,4,1490.0,0.0,5960.0
ORD000259,2026-01-18,C0102,P039,PromptPay,PAID,3,1039.5,0.1,2806.65
ORD000260,2026-06-01,C0151,P029,Bank Transfer,PAID,4,4189.5,0.1,15082.2
ORD000261,2026-01-19,C0037,P032,Credit Card,PAID,1,25900.0,0.0,25900.0
ORD000262,2026-01-24,C0049,P013,PromptPay,FAILED,2,499.0,0.0,998.0
ORD000263,2026-01-21,C0019,P019,Bank Transfer,PAID,2,3990.0,0.1,7182.0
ORD000264,2026-01-15,C0110,P018,Bank Transfer,PAID,2,3990.0,0.1,7182.0
ORD000265,2026-01-25,C0116,P031,PromptPay,PAID,2,1490.0,0.05,2831.0
ORD000266,2026-01-23,C0010,P037,Credit Card,REFUNDED,2,24605.0,0.1,44289.0
ORD000267,2026-04-01,C0164,P023,Bank Transfer,PAID,4,284.05,0.0,1136.2
ORD000268,2026-01-13,C0045,P018,Credit Card,PAID,3,3591.0,0.0,10773.0
ORD000269,2026-01-16,C0115,P012,Bank Transfer,PAID,4,1039.5,0.0,4158.0
ORD000270,2026-12-01,C0087,P030,Bank Transfer,PAID,3,449.1,0.05,1279.9350000000002
ORD000271,2026-07-01,C0091,P035,Credit Card,PAID,2,23310.0,0.0,46620.0
ORD000272,2026-01-19,C0159,P038,Credit Card,PAID,1,13545.0,0.0,13545.0
ORD000273,2026-12-01,C0008,P005,Credit Card,PAID,1,269.1,0.0,269.1
ORD000274,2026-10-01,C0157,P028,PromptPay,PAID,2,299.0,0.0,598.0
ORD000275,2026-01-28,C0031,P032,Bank Transfer,PAID,1,23310.0,0.0,23310.0
ORD000276,2026-01-17,C0163,P013,Bank Transfer,PAID,1,523.95,0.1,471.55500000000006
ORD000277,2026-08-01,C0007,P009,Bank Transfer,PAID,3,299.0,0.0,897.0
ORD000278,2026-09-01,C0002,P015,Credit Card,PAID,2,313.95,0.0,627.9
ORD000279,2026-01-21,C0004,P040,PromptPay,PAID,2,3990.0,0.0,7980.0
ORD000280,2026-01-27,C0101,P004,Credit Card,PAID,2,1490.0,0.05,2831.0
ORD000281,2026-04-01,C0099,P011,Bank Transfer,PAID,1,23310.0,0.0,23310.0
ORD000282,2026-01-18,C0137,P026,PromptPay,PAID,1,12900.0,0.0,12900.0
ORD000283,2026-05-01,C0078,P010,PromptPay,PAID,2,1039.5,0.0,2079.0
ORD000284,2026-07-01,C0115,P035,PromptPay,PAID,3,25900.0,0.0,77700.0
ORD000285,2026-02-01,C0094,P025,Bank Transfer,FAILED,2,27195.0,0.05,51670.5
ORD000286,2026-01-25,C0106,P027,PromptPay,PAID,2,25900.0,0.05,49210.0
ORD000287,2026-01-17,C0074,P026,Bank Transfer,PAID,1,12255.0,0.0,12255.0
ORD000288,2026-07-01,C0005,P029,PromptPay,PAID,3,3990.0,0.0,11970.0
ORD000289,2026-01-15,C0083,P029,Bank Transfer,PAID,3,3790.5,0.0,11371.5
ORD000290,2026-12-01,C0038,P034,Credit Card,PAID,4,299.0,0.0,1196.0
ORD000291,2026-01-27,C0158,P036,PromptPay,PAID,3,299.0,0.1,807.3
ORD000292,2026-01-24,C0130,P013,Bank Transfer,PAID,1,474.05,0.05,450.3475
ORD000293,2026-12-01,C0048,P037,PromptPay,PAID,3,24605.0,0.0,73815.0
ORD000294,2026-08-01,C0109,P007,Credit Card,FAILED,1,27195.0,0.05,25835.25
ORD000295,2026-04-01,C0054,P036,PromptPay,PAID,2,313.95,0.1,565.11
ORD000296,2026-01-16,C0104,P036,Bank Transfer,PAID,1,284.05,0.0,284.05
ORD000297,2026-01-15,C0123,P019,PromptPay,PAID,2,3990.0,0.05,7581.0
ORD000298,2026-01-27,C0122,P039,Credit Card,PAID,2,891.0,0.1,1603.8
ORD000299,2026-02-01,C0009,P021,Bank Transfer,PAID,3,24605.0,0.1,66433.5
ORD000300,2026-01-20,C0138,P009,PromptPay,PAID,2,269.1,0.1,484.38000000000005
ORD000301,2026-12-01,C0013,P040,Bank Transfer,PAID,4,3990.0,0.0,15960.0
ORD000302,2026-02-01,C0081,P026,PromptPay,PAID,1,11610.0,0.05,11029.5
ORD000303,2026-01-20,C0101,P026,PromptPay,PAID,4,12900.0,0.0,51600.0
ORD000304,2026-04-01,C0147,P009,Credit Card,PAID,4,313.95,0.0,1255.8
ORD000305,2026-01-26,C0116,P030,Credit Card,PAID,1,499.0,0.05,474.05
ORD000306,2026-01-22,C0126,P032,PromptPay,PAID,1,27195.0,0.0,27195.0
ORD000307,2026-01-14,C0109,P039,Credit Card,PAID,3,1039.5,0.0,3118.5
ORD000308,2026-06-01,C0019,P037,Credit Card,PAID,4,23310.0,0.0,93240.0
ORD000309,2026-01-16,C0081,P015,PromptPay,PAID,1,299.0,0.0,299.0
ORD000310,2026-01-13,C0029,P026,Credit Card,FAILED,1,12900.0,0.0,12900.0
ORD000311,2026-01-13,C0144,P032,PromptPay,PAID,3,25900.0,0.1,69930.0
ORD000312,2026-04-01,C0011,P026,PromptPay,PAID,1,12900.0,0.0,12900.0
ORD000313,2026-01-18,C0088,P025,PromptPay,FAILED,4,23310.0,0.0,93240.0
ORD000314,2026-01-01,C0027,P022,Bank Transfer,FAILED,1,449.1,0.05,426.64500000000004
ORD000315,2026-01-21,C0037,P016,Bank Transfer,PAID,1,1564.5,0.0,1564.5
ORD000316,2026-01-15,C0140,P021,Credit Card,PAID,1,27195.0,0.0,27195.0
ORD000317,2026-01-26,C0068,P022,Bank Transfer,PAID,1,499.0,0.0,499.0
ORD000318,2026-04-01,C0008,P002,Credit Card,PAID,1,1490.0,0.0,1490.0
ORD000319,2026-01-28,C0150,P013,Bank Transfer,PAID,1,499.0,0.0,499.0
ORD000320,2026-05-01,C0109,P008,Bank Transfer,PAID,1,523.95,0.0,523.95
ORD000321,2026-04-01,C0079,P014,Bank Transfer,PAID,1,990.0,0.1,891.0
ORD000322,2026-01-21,C0111,P036,Credit Card,FAILED,1,284.05,0.0,284.05
ORD000323,2026-01-28,C0151,P032,Credit Card,PAID,1,25900.0,0.0,25900.0
ORD000324,2026-01-13,C0044,P039,Bank Transfer,PAID,3,891.0,0.1,2405.7
ORD000325,2026-07-01,C0012,P018,Credit Card,PAID,1,4189.5,0.0,4189.5
ORD000326,2026-01-26,C0100,P008,Bank Transfer,REFUNDED,2,449.1,0.0,898.2
ORD000327,2026-09-01,C0123,P020,PromptPay,PAID,3,474.05,0.0,1422.15
ORD000328,2026-01-23,C0046,P016,PromptPay,PAID,2,1341.0,0.0,2682.0
ORD000329,2026-01-24,C0140,P008,Bank Transfer,PAID,1,499.0,0.05,474.05
ORD000330,2026-12-01,C0020,P028,PromptPay,PAID,3,269.1,0.0,807.3000000000001
ORD000331,2026-01-24,C0090,P035,Credit Card,PAID,1,24605.0,0.0,24605.0
ORD000332,2026-01-23,C0135,P003,Bank Transfer,PAID,2,25900.0,0.05,49210.0
ORD000333,2026-01-20,C0143,P011,PromptPay,PAID,2,25900.0,0.0,51800.0
ORD000334,2026-03-01,C0090,P021,Credit Card,PAID,1,24605.0,0.1,22144.5
ORD000335,2026-01-18,C0114,P019,Bank Transfer,PAID,2,3990.0,0.0,7980.0
ORD000336,2026-01-27,C0058,P021,Bank Transfer,PAID,2,24605.0,0.0,49210.0
ORD000337,2026-01-16,C0061,P019,Credit Card,PAID,1,3990.0,0.1,3591.0
ORD000338,2026-01-27,C0036,P024,Bank Transfer,PAID,2,313.95,0.0,627.9
ORD000339,2026-01-24,C0140,P003,PromptPay,PAID,2,24605.0,0.0,49210.0
ORD000340,2026-01-21,C0040,P005,Bank Transfer,PAID,3,313.95,0.0,941.8499999999999
ORD000341,2026-01-24,C0159,P012,Bank Transfer,PAID,1,891.0,0.0,891.0
ORD000342,2026-01-26,C0029,P036,PromptPay,PAID,3,299.0,0.1,807.3
ORD000343,2026-01-24,C0008,P033,PromptPay,PAID,4,12900.0,0.0,51600.0
ORD000344,2026-03-01,C0140,P032,PromptPay,PAID,4,23310.0,0.0,93240.0
ORD000345,2026-06-01,C0129,P012,Bank Transfer,PAID,1,940.5,0.0,940.5
ORD000346,2026-01-17,C0018,P021,Bank Transfer,PAID,4,24605.0,0.0,98420.0
ORD000347,2026-02-01,C0145,P037,Credit Card,REFUNDED,1,25900.0,0.0,25900.0
ORD000348,2026-08-01,C0079,P010,Credit Card,PAID,4,891.0,0.0,3564.0
ORD000349,2026-01-13,C0011,P027,Bank Transfer,PAID,4,23310.0,0.1,83916.0
ORD000350,2026-11-01,C0155,P024,Credit Card,PAID,2,269.1,0.05,511.29
ORD000351,2026-01-17,C0119,P030,Credit Card,PAID,2,499.0,0.0,998.0
ORD000352,2026-01-21,C0076,P022,Bank Transfer,PAID,1,449.1,0.05,426.64500000000004
ORD000353,2026-01-22,C0032,P006,Bank Transfer,PAID,1,299.0,0.0,299.0
ORD000354,2026-01-19,C0032,P023,Bank Transfer,PAID,1,299.0,0.0,299.0
ORD000355,2026-10-01,C0112,P016,Bank Transfer,PAID,1,1564.5,0.0,1564.5
ORD000356,2026-02-01,C0158,P016,Credit Card,PAID,2,1564.5,0.05,2972.55
ORD000357,2026-01-18,C0087,P020,Credit Card,PAID,2,449.1,0.05,853.2900000000001
ORD000358,2026-05-01,C0063,P002,Credit Card,PAID,4,1415.5,0.1,5095.8
ORD000359,2026-01-14,C0151,P016,Bank Transfer,PAID,1,1564.5,0.0,1564.5
ORD000360,2026-01-24,C0009,P015,Credit Card,PAID,2,269.1,0.0,538.2
ORD000361,2026-02-19,C0124,P019,Bank Transfer,PAID,1,4189.5,0.05,3980.025
ORD000362,2026-02-20,C0072,P039,PromptPay,PAID,2,940.5,0.05,1786.95
ORD000363,2026-02-08,C0136,P014,PromptPay,PAID,2,940.5,0.05,1786.95
ORD000364,2026-02-16,C0077,P038,Credit Card,PAID,2,12900.0,0.0,25800.0
ORD000365,2026-02-23,C0139,P004,Credit Card,PAID,2,1490.0,0.0,2980.0
ORD000366,2026-02-14,C0088,P004,Credit Card,PAID,1,1490.0,0.0,1490.0
ORD000367,2026-02-10,C0161,P040,Bank Transfer,PAID,3,4189.5,0.05,11940.075
ORD000369,2026-02-22,C0037,P033,Credit Card,PAID,3,13545.0,0.0,40635.0
ORD000370,2026-02-05,C0050,P006,PromptPay,PAID,2,284.05,0.05,539.695
ORD000371,2026-02-06,C0155,P029,PromptPay,PAID,4,3990.0,0.0,15960.0
ORD000372,2026-02-03,C0096,P025,Bank Transfer,PAID,2,27195.0,0.1,48951.0
ORD000373,2026-02-05,C0081,P028,Credit Card,PAID,1,269.1,0.05,255.645
ORD000374,2026-02-12,C0101,P040,Credit Card,PAID,1,3591.0,0.0,3591.0
ORD000375,2026-02-16,C0034,P008,PromptPay,PAID,1,474.05,0.05,450.3475
ORD000376,2026-02-26,C0155,P027,Credit Card,PAID,4,27195.0,0.0,108780.0
ORD000377,2026-02-18,C0114,P014,PromptPay,PAID,1,891.0,0.0,891.0
ORD000378,2026-02-03,C0118,P002,Credit Card,PAID,4,1415.5,0.1,5095.8
ORD000379,2026-02-26,C0002,P010,Credit Card,PAID,1,1039.5,0.05,987.525
ORD000380,2026-02-04,C0045,P026,PromptPay,PAID,3,11610.0,0.05,33088.5
ORD000381,2026-02-09,C0077,P007,Bank Transfer,PAID,1,24605.0,0.0,24605.0
ORD000382,2026-02-09,C0155,P999,Credit Card,PAID,3,4189.5,0.05,11940.075
ORD000383,2026-02-11,C0022,P026,Bank Transfer,REFUNDED,4,12255.0,0.0,49020.0
ORD000384,2026-02-14,C0013,P038,PromptPay,PAID,1,13545.0,0.05,12867.75
ORD000385,2026-02-12,C0089,P028,Credit Card,PAID,4,299.0,0.0,1196.0
ORD000386,2026-02-20,C0156,P016,Bank Transfer,FAILED,1,1341.0,0.1,1206.9
ORD000387,2026-02-12,C0071,P028,Bank Transfer,PAID,4,313.95,0.0,1255.8
ORD000388,2026-02-22,C0100,P018,Credit Card,PAID,2,3591.0,0.0,7182.0
ORD000389,2026-02-15,C0051,P032,Credit Card,PAID,2,25900.0,0.0,51800.0
ORD000390,2026-02-04,C0159,P026,Bank Transfer,PAID,3,11610.0,0.0,34830.0
ORD000391,2026-02-18,C0101,P020,Credit Card,PAID,2,449.1,0.0,898.2
ORD000392,2026-02-26,C0107,P023,Credit Card,PAID,1,269.1,0.0,269.1
ORD000393,2026-02-08,C0075,P022,Credit Card,FAILED,1,449.1,0.0,449.1
ORD000394,2026-02-06,C0015,P007,Bank Transfer,PAID,2,24605.0,0.1,44289.0
ORD000395,2026-02-12,C0008,P020,Bank Transfer,PAID,1,499.0,0.0,499.0
ORD000396,2026-02-13,C0019,P026,Credit Card,FAILED,3,12900.0,0.1,34830.0
ORD000397,2026-02-06,C0015,P040,PromptPay,PAID,2,3990.0,0.1,7182.0
ORD000398,2026-02-20,C0095,P040,Credit Card,PAID,2,3990.0,0.0,7980.0
ORD000399,2026-02-12,C0102,P026,Bank Transfer,FAILED,2,12900.0,0.0,25800.0
ORD000400,2026-02-19,C0078,P035,PromptPay,PAID,4,27195.0,0.0,108780.0
ORD000401,2026-02-16,C0085,P013,Bank Transfer,PAID,3,499.0,0.1,1347.3
ORD000402,2026-02-16,C0084,P030,PromptPay,PAID,1,523.95,0.05,497.75250000000005
ORD000403,2026-02-17,C0107,P031,Credit Card,PAID,1,1490.0,0.0,1490.0
ORD000404,2026-02-11,C0100,P009,Credit Card,PAID,1,299.0,0.1,269.1
ORD000405,2026-02-27,C0070,P001,PromptPay,PAID,1,299.0,0.0,299.0
ORD000406,2026-02-04,C0144,P035,Credit Card,PAID,3,23310.0,0.0,69930.0
ORD000407,2026-02-28,C0100,P027,PromptPay,PAID,4,23310.0,0.1,83916.0
ORD000408,2026-02-27,C0047,P032,PromptPay,PAID,2,25900.0,0.05,49210.0
ORD000409,2026-02-17,C0071,P035,Credit Card,PAID,3,27195.0,0.0,81585.0
ORD000410,2026-02-19,C0162,P004,Credit Card,PAID,3,1490.0,0.0,4470.0
ORD000411,2026-02-10,C0030,P025,Credit Card,PAID,1,25900.0,0.0,25900.0
ORD000412,2026-02-11,C0088,P025,Credit Card,PAID,2,25900.0,0.0,51800.0
ORD000413,2026-02-12,C0125,P005,Bank Transfer,PAID,2,313.95,0.0,627.9
ORD000414,2026-02-18,C0072,P019,Credit Card,PAID,1,3591.0,0.0,3591.0
ORD000415,2026-02-15,C0007,P037,Credit Card,PAID,4,24605.0,0.0,98420.0
ORD000416,2026-02-06,C0109,P023,Bank Transfer,PAID,2,299.0,0.0,598.0
ORD000417,2026-02-26,C0075,P013,Credit Card,FAILED,1,474.05,0.0,474.05
ORD000418,2026-02-26,C0097,P018,Credit Card,PAID,2,3790.5,0.05,7201.95
ORD000419,2026-02-12,C0015,P002,Bank Transfer,PAID,1,1341.0,0.1,1206.9
ORD000420,2026-02-09,C0056,P021,Bank Transfer,PAID,1,23310.0,0.1,20979.0
ORD000421,2026-02-14,C0160,P023,Bank Transfer,PAID,3,284.05,0.1,766.9350000000001
ORD000422,2026-02-27,C0160,P001,PromptPay,PAID,3,299.0,0.0,897.0
ORD000423,2026-02-04,C0047,P027,Bank Transfer,PAID,4,24605.0,0.0,98420.0
ORD000424,2026-02-19,C0002,P007,Credit Card,PAID,1,24605.0,0.05,23374.75
ORD000425,2026-02-17,C0145,P003,PromptPay,PAID,2,25900.0,0.0,51800.0
ORD000426,2026-02-25,C0043,P027,Credit Card,PAID,4,25900.0,0.0,103600.0
ORD000427,2026-02-24,C0137,P027,PromptPay,FAILED,1,23310.0,0.0,23310.0
ORD000428,2026-02-01,C0036,P032,Bank Transfer,PAID,2,27195.0,0.0,54390.0
ORD000429,2026-02-02,C0036,P004,PromptPay,PAID,3,1490.0,0.0,4470.0
ORD000430,2026-02-19,C0112,P037,Bank Transfer,FAILED,4,25900.0,0.1,93240.0
ORD000431,2026-02-05,C0017,P019,Credit Card,PAID,1,3790.5,0.1,3411.45
ORD000432,2026-02-04,C0119,P025,PromptPay,PAID,4,25900.0,0.0,103600.0
ORD000433,2026-02-11,C0043,P009,Bank Transfer,PAID,2,284.05,0.05,539.695
ORD000434,2026-02-23,C0114,P025,Bank Transfer,PAID,1,25900.0,0.1,23310.0
ORD000435,2026-02-13,C0130,P010,PromptPay,PAID,2,891.0,0.05,1692.9
ORD000436,2026-02-20,C0154,P009,Bank Transfer,REFUNDED,1,299.0,0.1,269.1
ORD000437,2026-02-24,C0059,P014,PromptPay,PAID,2,990.0,0.0,1980.0
ORD000438,2026-02-03,C0106,P035,Credit Card,REFUNDED,4,27195.0,0.0,108780.0
ORD000439,2026-02-20,C0112,P002,Credit Card,PAID,3,1564.5,0.0,4693.5
ORD000440,2026-02-22,C0063,P008,Credit Card,PAID,2,449.1,0.0,898.2
ORD000441,2026-02-22,C0032,P024,Bank Transfer,PAID,1,299.0,0.0,299.0
ORD000442,2026-02-23,C0105,P010,PromptPay,PAID,1,1039.5,0.1,935.55
ORD000443,2026-02-19,C0117,P003,PromptPay,PAID,4,24605.0,0.0,98420.0
ORD000444,2026-02-12,C0030,P030,PromptPay,PAID,3,499.0,0.0,1497.0
ORD000445,2026-02-10,C0054,P025,Bank Transfer,PAID,1,24605.0,0.0,24605.0
ORD000446,2026-02-09,C0062,P012,Bank Transfer,PAID,1,990.0,0.0,990.0
ORD000447,2026-02-24,C0085,P024,PromptPay,PAID,1,313.95,0.0,313.95
ORD000448,2026-02-15,C0096,P004,PromptPay,PAID,2,1341.0,0.05,2547.9
ORD000449,2026-02-27,C0038,P031,Credit Card,PAID,3,1341.0,0.0,4023.0
ORD000450,2026-02-08,C0037,P011,Credit Card,PAID,1,25900.0,0.0,25900.0
ORD000451,2026-02-15,C0028,P032,Bank Transfer,PAID,4,27195.0,0.05,103341.0
ORD000452,2026-02-12,C0022,P005,Credit Card,PAID,4,299.0,0.0,1196.0
ORD000453,2026-02-02,C0105,P040,PromptPay,PAID,3,3990.0,0.05,11371.5
ORD000454,2026-02-17,C0087,P011,Bank Transfer,PAID,1,27195.0,0.05,25835.25
ORD000455,2026-02-16,C0052,P022,Credit Card,REFUNDED,3,523.95,0.0,1571.8500000000001
ORD000456,2026-02-19,C0155,P039,Bank Transfer,PAID,3,990.0,0.1,2673.0
ORD000457,2026-02-10,C0164,P032,PromptPay,PAID,1,25900.0,0.1,23310.0
ORD000458,2026-02-12,C0097,P040,Bank Transfer,REFUNDED,3,3790.5,0.0,11371.5
ORD000459,2026-02-24,C0070,P036,Credit Card,FAILED,3,299.0,0.1,807.3
ORD000460,2026-02-17,C0040,P011,Bank Transfer,PAID,3,27195.0,0.0,81585.0
ORD000461,2026-02-12,C0143,P015,PromptPay,PAID,2,299.0,0.1,538.2
ORD000462,2026-02-28,C0077,P003,Bank Transfer,PAID,2,25900.0,0.05,49210.0
ORD000463,2026-02-20,C0062,P030,PromptPay,PAID,4,523.95,0.0,2095.8
ORD000464,2026-02-21,C0161,P017,PromptPay,PAID,1,1039.5,0.1,935.55
ORD000465,2026-02-12,C0002,P011,PromptPay,PAID,1,27195.0,0.1,24475.5
ORD000466,2026-02-17,C0044,P004,Bank Transfer,PAID,1,1341.0,0.0,1341.0
ORD000467,2026-02-26,C0117,P017,PromptPay,PAID,4,990.0,0.1,3564.0
ORD000468,2026-02-15,C0125,P008,Credit Card,FAILED,1,449.1,0.0,449.1
ORD000469,2026-02-20,C0033,P004,Bank Transfer,PAID,4,1415.5,0.05,5378.9
ORD000470,2026-02-21,C0076,P004,Credit Card,PAID,2,1415.5,0.0,2831.0
ORD000471,2026-02-13,C0068,P032,PromptPay,PAID,4,27195.0,0.0,108780.0
ORD000472,2026-02-06,C0155,P017,Credit Card,PAID,2,1039.5,0.1,1871.1
ORD000473,2026-02-06,C0059,P005,Credit Card,PAID,1,299.0,0.0,299.0
ORD000474,2026-02-05,C0008,P019,PromptPay,PAID,1,4189.5,0.0,4189.5
ORD000475,2026-02-15,C0085,P018,Credit Card,PAID,2,3790.5,0.0,7581.0
ORD000476,2026-02-10,C0006,P018,PromptPay,PAID,1,4189.5,0.0,4189.5
ORD000477,2026-02-28,C0092,P031,Credit Card,PAID,3,1341.0,0.0,4023.0
ORD000478,2026-02-18,C0097,P038,Credit Card,PAID,4,12900.0,0.0,51600.0
ORD000479,2026-02-22,C0013,P009,Credit Card,PAID,1,269.1,0.0,269.1
ORD000480,2026-02-16,C0029,P018,Credit Card,PAID,1,3790.5,0.0,3790.5
ORD000481,2026-02-25,C0052,P034,PromptPay,PAID,1,299.0,0.0,299.0
ORD000482,2026-02-28,C0036,P038,Credit Card,PAID,1,13545.0,0.0,13545.0
ORD000483,2026-02-04,C0010,P037,PromptPay,PAID,2,25900.0,0.0,51800.0
ORD000484,2026-02-01,C0048,P016,Bank Transfer,PAID,1,1564.5,0.0,1564.5
ORD000485,2026-02-23,C0095,P017,PromptPay,PAID,4,891.0,0.0,3564.0
ORD000486,2026-02-02,C0141,P021,Credit Card,FAILED,2,23310.0,0.0,46620.0
ORD000487,2026-02-03,C0092,P010,PromptPay,PAID,1,990.0,0.0,990.0
ORD000488,2026-02-21,C0073,P037,Credit Card,FAILED,4,27195.0,0.0,108780.0
ORD000489,2026-02-21,C0103,P010,PromptPay,PAID,1,990.0,0.0,990.0
ORD000490,2026-02-05,C0067,P028,PromptPay,PAID,1,299.0,0.0,299.0
ORD000491,2026-02-03,C0090,P026,PromptPay,FAILED,1,12255.0,0.05,11642.25
ORD000492,2026-02-18,C0105,P014,PromptPay,PAID,1,990.0,0.0,990.0
ORD000493,2026-02-24,C0140,P022,Bank Transfer,PAID,4,499.0,0.0,1996.0
ORD000494,2026-02-21,C0091,P025,Bank Transfer,PAID,1,24605.0,0.0,24605.0
ORD000495,2026-02-01,C0016,P016,Bank Transfer,PAID,2,1490.0,0.05,2831.0
ORD000496,2026-02-08,C0007,P022,Credit Card,PAID,4,499.0,0.1,1796.4
ORD000497,2026-02-24,C0138,P028,PromptPay,FAILED,1,269.1,0.1,242.19000000000003
ORD000498,2026-02-06,C0047,P003,Credit Card,PAID,2,24605.0,0.0,49210.0
ORD000499,2026-02-07,C0157,P024,Credit Card,PAID,1,269.1,0.0,269.1
ORD000500,2026-02-12,C0106,P031,PromptPay,FAILED,4,1490.0,0.1,5364.0
ORD000501,2026-02-27,C0024,P001,Credit Card,PAID,1,284.05,0.0,284.05
ORD000502,2026-02-19,C0013,P040,PromptPay,PAID,1,3591.0,0.1,3231.9
ORD000503,2026-02-10,C0022,P030,Credit Card,PAID,4,474.05,0.0,1896.2
ORD000504,2026-02-18,C0091,P005,Bank Transfer,PAID,2,313.95,0.0,627.9
ORD000505,2026-02-02,C0148,P031,PromptPay,PAID,1,1341.0,0.0,1341.0
ORD000506,2026-02-19,C0153,P007,PromptPay,PAID,2,27195.0,0.0,54390.0
ORD000507,2026-02-24,C0126,P011,PromptPay,PAID,1,25900.0,0.0,25900.0
ORD000508,2026-02-20,C0129,P009,Bank Transfer,PAID,3,299.0,0.0,897.0
ORD000509,2026-02-18,C0162,P029,PromptPay,PAID,4,3591.0,0.0,14364.0
ORD000510,2026-02-10,C0153,P010,PromptPay,PAID,4,1039.5,0.0,4158.0
ORD000511,2026-02-24,C0106,P031,Bank Transfer,PAID,1,1490.0,0.1,1341.0
ORD000512,2026-02-10,C0036,P017,Credit Card,PAID,4,1039.5,0.05,3950.1
ORD000513,2026-02-25,C0012,P022,Bank Transfer,PAID,1,474.05,0.0,474.05
ORD000514,2026-02-03,C0028,P023,Credit Card,PAID,3,313.95,0.05,894.7574999999999
ORD000515,2026-02-02,C0030,P012,Bank Transfer,PAID,3,990.0,0.1,2673.0
ORD000516,2026-02-11,C0047,P002,PromptPay,PAID,2,1341.0,0.1,2413.8
ORD000517,2026-02-01,C0029,P003,PromptPay,PAID,3,25900.0,0.0,77700.0
ORD000518,2026-02-05,C0110,P015,Credit Card,PAID,1,299.0,0.0,299.0
ORD000519,2026-02-26,C0012,P033,Bank Transfer,PAID,1,12900.0,0.0,12900.0
ORD000520,2026-02-06,C0114,P037,Bank Transfer,PAID,1,23310.0,0.1,20979.0
ORD000521,2026-02-08,C0020,P017,PromptPay,PAID,1,990.0,0.0,990.0
ORD000522,2026-02-03,C0159,P002,Bank Transfer,PAID,2,1490.0,0.1,2682.0
ORD000523,2026-02-13,C0077,P032,Bank Transfer,PAID,2,25900.0,0.05,49210.0
ORD000524,2026-02-21,C0140,P011,PromptPay,PAID,1,25900.0,0.05,24605.0
ORD000525,2026-02-06,C0124,P040,Credit Card,PAID,1,3990.0,0.0,3990.0
ORD000526,2026-02-23,C0140,P007,Bank Transfer,PAID,1,25900.0,0.0,25900.0
ORD000527,2026-02-27,C0154,P036,Bank Transfer,FAILED,3,313.95,0.1,847.665
ORD000528,2026-02-12,C0118,P030,Credit Card,PAID,2,499.0,0.05,948.1
ORD000529,2026-02-18,C0071,P039,Bank Transfer,PAID,2,1039.5,0.05,1975.05
ORD000530,2026-02-06,C0023,P036,PromptPay,PAID,1,299.0,0.0,299.0
ORD000531,2026-02-28,C0009,P035,Bank Transfer,PAID,1,25900.0,0.1,23310.0
ORD000532,2026-02-09,C0135,P020,Bank Transfer,FAILED,1,499.0,0.0,499.0
ORD000533,2026-02-25,C0117,P035,Bank Transfer,PAID,2,25900.0,0.1,46620.0
ORD000534,2026-02-17,C0134,P015,Bank Transfer,PAID,1,313.95,0.0,313.95
ORD000535,2026-02-05,C0068,P018,Credit Card,PAID,1,3790.5,0.1,3411.45
ORD000536,2026-02-03,C0015,P013,Credit Card,PAID,2,499.0,0.0,998.0
ORD000537,2026-02-16,C0073,P031,Credit Card,PAID,1,1490.0,0.05,1415.5
ORD000538,2026-02-20,C0133,P015,Bank Transfer,PAID,3,269.1,0.1,726.57
ORD000539,2026-02-23,C0003,P001,Bank Transfer,PAID,1,284.05,0.0,284.05
ORD000540,2026-02-14,C0017,P029,Bank Transfer,PAID,1,3790.5,0.1,3411.45
ORD000541,2026-02-10,C0094,P030,PromptPay,PAID,1,499.0,0.0,499.0
ORD000542,2026-02-15,C0030,P021,Bank Transfer,PAID,1,27195.0,0.1,24475.5
ORD000543,2026-02-23,C0108,P022,PromptPay,PAID,4,449.1,0.0,1796.4
ORD000544,2026-02-21,C0125,P022,Bank Transfer,PAID,1,499.0,0.0,499.0
ORD000545,2026-02-15,C0148,P010,Bank Transfer,PAID,2,990.0,0.0,1980.0
ORD000546,2026-02-13,C0004,P016,Credit Card,PAID,1,1415.5,0.0,1415.5
ORD000547,2026-02-08,C0008,P039,PromptPay,PAID,1,940.5,0.0,940.5
ORD000548,2026-02-25,C0121,P007,Credit Card,PAID,1,24605.0,0.0,24605.0
ORD000549,2026-02-17,C0086,P004,PromptPay,FAILED,2,1490.0,0.0,2980.0
ORD000550,2026-02-13,C0164,P017,Credit Card,PAID,1,990.0,0.0,990.0
ORD000551,2026-02-10,C0105,P005,Credit Card,PAID,2,313.95,0.1,565.11
ORD000552,2026-02-06,C0066,P004,Credit Card,PAID,1,1490.0,0.1,1341.0
ORD000553,2026-02-28,C0074,P028,PromptPay,REFUNDED,2,313.95,0.05,596.505
ORD000554,2026-02-19,C0028,P010,PromptPay,PAID,1,891.0,0.1,801.9
ORD000555,2026-02-05,C0085,P007,PromptPay,PAID,4,25900.0,0.05,98420.0
ORD000556,2026-02-07,C0004,P032,PromptPay,PAID,2,23310.0,0.0,46620.0
ORD000557,2026-02-06,C0065,P025,Credit Card,PAID,4,27195.0,0.05,103341.0
ORD000558,2026-02-17,C0052,P034,Credit Card,PAID,2,313.95,0.1,565.11
ORD000559,2026-02-26,C0123,P028,PromptPay,PAID,1,269.1,0.0,269.1
ORD000560,2026-02-22,C0151,P005,PromptPay,PAID,4,284.05,0.0,1136.2
ORD000561,2026-02-19,C0005,P014,PromptPay,PAID,1,940.5,0.1,846.45
ORD000562,2026-02-28,C0074,P019,Credit Card,PAID,1,4189.5,0.1,3770.55
ORD000563,2026-02-08,C0125,P037,PromptPay,PAID,4,23310.0,0.0,93240.0
ORD000564,2026-02-18,C0147,P023,Bank Transfer,PAID,4,299.0,0.0,1196.0
ORD000565,2026-02-03,C0132,P029,Credit Card,PAID,1,3990.0,0.0,3990.0
ORD000566,2026-02-04,C0154,P020,Bank Transfer,PAID,3,523.95,0.0,1571.8500000000001
ORD000567,2026-02-09,C0059,P017,Credit Card,PAID,3,990.0,0.05,2821.5
ORD000568,2026-02-08,C0108,P008,Credit Card,PAID,2,474.05,0.1,853.29
ORD000569,2026-02-19,C0113,P010,Bank Transfer,PAID,2,891.0,0.05,1692.9
ORD000570,2026-02-01,C0030,P014,PromptPay,PAID,1,1039.5,0.0,1039.5
ORD000571,2026-02-10,C0040,P005,Bank Transfer,PAID,1,299.0,0.0,299.0
ORD000572,2026-02-04,C0163,P020,PromptPay,PAID,2,499.0,0.05,948.1
ORD000573,2026-02-25,C0115,P040,PromptPay,FAILED,3,3591.0,0.05,10234.35
ORD000574,2026-02-03,C0010,P022,Bank Transfer,PAID,3,499.0,0.0,1497.0
ORD000575,2026-02-22,C0154,P015,Bank Transfer,PAID,3,284.05,0.0,852.1500000000001
ORD000576,2026-02-27,C0014,P003,PromptPay,PAID,2,27195.0,0.0,54390.0
ORD000577,2026-02-28,C0030,P020,Bank Transfer,PAID,1,449.1,0.0,449.1
ORD000578,2026-02-09,C0039,P003,PromptPay,PAID,4,23310.0,0.05,88578.0
ORD000579,2026-02-08,C0086,P001,Credit Card,PAID,2,269.1,0.0,538.2
ORD000580,2026-02-26,C0110,P033,Bank Transfer,PAID,2,11610.0,0.0,23220.0
ORD000581,2026-02-19,C0036,P017,Credit Card,PAID,2,990.0,0.05,1881.0
ORD000582,2026-02-06,C0134,P016,PromptPay,PAID,2,1415.5,0.0,2831.0
ORD000583,2026-02-19,C0025,P032,PromptPay,PAID,2,27195.0,0.0,54390.0
ORD000584,2026-02-18,C0039,P027,PromptPay,PAID,3,25900.0,0.1,69930.0
ORD000585,2026-02-23,C0028,P028,Bank Transfer,PAID,2,299.0,0.1,538.2
ORD000586,2026-02-25,C0133,P017,PromptPay,PAID,4,891.0,0.0,3564.0
ORD000587,2026-02-27,C0153,P015,Credit Card,PAID,1,299.0,0.1,269.1
ORD000588,2026-02-10,C0038,P032,PromptPay,PAID,1,23310.0,0.0,23310.0
ORD000589,2026-02-28,C0031,P038,Credit Card,PAID,1,12255.0,0.0,12255.0
ORD000590,2026-02-27,C0139,P021,Bank Transfer,PAID,1,23310.0,0.0,23310.0
ORD000591,2026-02-14,C0039,P017,PromptPay,PAID,1,990.0,0.0,990.0
ORD000592,2026-02-14,C0094,P011,Bank Transfer,PAID,2,27195.0,0.0,54390.0
ORD000593,2026-02-13,C0110,P009,Credit Card,PAID,2,299.0,0.0,598.0
ORD000594,2026-02-10,C0101,P005,PromptPay,PAID,1,299.0,0.0,299.0
ORD000595,2026-02-06,C0036,P038,Credit Card,REFUNDED,2,12900.0,0.0,25800.0
ORD000596,2026-02-12,C0025,P013,PromptPay,PAID,2,474.05,0.05,900.695
ORD000597,2026-02-02,C0091,P022,Credit Card,PAID,1,499.0,0.05,474.05
ORD000598,2026-02-13,C0082,P038,Bank Transfer,PAID,1,13545.0,0.0,13545.0
ORD000599,2026-02-13,C0068,P022,PromptPay,REFUNDED,2,523.95,0.0,1047.9
ORD000600,2026-02-22,C0096,P014,Credit Card,PAID,2,990.0,0.05,1881.0
ORD000601,2026-02-03,C0149,P037,Credit Card,PAID,2,24605.0,0.0,49210.0
ORD000602,2026-02-10,C0124,P025,Credit Card,PAID,1,24605.0,0.0,24605.0
ORD000603,2026-02-23,C0048,P027,PromptPay,PAID,1,27195.0,0.0,27195.0
ORD000604,2026-02-20,C0137,P025,Credit Card,PAID,2,25900.0,0.1,46620.0
ORD000605,2026-02-09,C0095,P001,PromptPay,PAID,2,269.1,0.05,511.29
ORD000606,2026-02-24,C0132,P039,Credit Card,PAID,2,891.0,0.05,1692.9
ORD000607,2026-02-19,C0146,P008,Credit Card,FAILED,4,523.95,0.05,1991.0100000000002
ORD000608,2026-02-21,C0082,P035,PromptPay,PAID,2,27195.0,0.1,48951.0
ORD000609,2026-02-09,C0122,P014,PromptPay,PAID,4,1039.5,0.0,4158.0
ORD000610,2026-02-17,C0141,P006,PromptPay,PAID,1,299.0,0.05,284.05
ORD000611,2026-02-11,C0063,P035,Bank Transfer,PAID,1,25900.0,0.0,25900.0
ORD000612,2026-02-14,C0139,P002,Bank Transfer,PAID,1,1341.0,0.0,1341.0
ORD000613,2026-02-21,C0082,P013,Credit Card,PAID,3,449.1,0.0,1347.3000000000002
ORD000614,2026-02-01,C0163,P035,Bank Transfer,PAID,2,25900.0,0.05,49210.0
ORD000615,2026-02-27,C0136,P003,Credit Card,PAID,4,24605.0,0.05,93499.0
ORD000616,2026-02-01,C0144,P040,Credit Card,PAID,2,3990.0,0.0,7980.0
ORD000617,2026-02-25,C0008,P017,PromptPay,PAID,2,891.0,0.1,1603.8
ORD000618,2026-02-24,C0100,P004,Bank Transfer,PAID,1,1415.5,0.0,1415.5
ORD000619,2026-02-09,C0126,P012,Bank Transfer,PAID,1,990.0,0.1,891.0
ORD000620,2026-02-27,C0020,P003,PromptPay,PAID,2,27195.0,0.0,54390.0
ORD000621,2026-02-17,C0017,P031,Bank Transfer,FAILED,2,1341.0,0.1,2413.8
ORD000622,2026-02-26,C0100,P001,PromptPay,PAID,3,299.0,0.0,897.0
ORD000623,2026-02-14,C0151,P017,Bank Transfer,PAID,1,940.5,0.0,940.5
ORD000624,2026-02-11,C0120,P038,PromptPay,PAID,1,11610.0,0.0,11610.0
ORD000625,2026-02-10,C0065,P026,PromptPay,PAID,2,11610.0,0.05,22059.0
ORD000626,2026-02-17,C0047,P010,Credit Card,PAID,3,1039.5,0.05,2962.575
ORD000627,2026-02-15,C0068,P013,Bank Transfer,PAID,1,474.05,0.1,426.645
ORD000628,2026-02-13,C0137,P010,Credit Card,PAID,3,990.0,0.0,2970.0
ORD000629,2026-02-10,C0086,P036,Bank Transfer,PAID,2,284.05,0.0,568.1
ORD000630,2026-02-06,C0040,P022,Credit Card,PAID,3,499.0,0.0,1497.0
ORD000631,2026-02-04,C0032,P040,Credit Card,REFUNDED,1,3790.5,0.0,3790.5
ORD000632,2026-02-21,C0014,P004,Credit Card,PAID,4,1564.5,0.05,5945.1
ORD000633,2026-02-05,C0130,P014,PromptPay,PAID,1,940.5,0.0,940.5
ORD000634,2026-02-12,C0023,P025,PromptPay,PAID,3,25900.0,0.05,73815.0
ORD000635,2026-02-21,C0028,P006,Bank Transfer,PAID,3,313.95,0.0,941.8499999999999
ORD000636,2026-02-21,C0071,P013,Bank Transfer,PAID,1,499.0,0.1,449.1
ORD000637,2026-02-04,C0041,P015,Bank Transfer,PAID,1,299.0,0.0,299.0
ORD000638,2026-02-03,C0012,P012,PromptPay,PAID,4,990.0,0.0,3960.0
ORD000639,2026-02-02,C0017,P007,Credit Card,PAID,4,27195.0,0.0,108780.0
ORD000640,2026-02-28,C0027,P002,PromptPay,PAID,2,1490.0,0.1,2682.0
ORD000641,2026-02-16,C0086,P023,PromptPay,PAID,3,269.1,0.0,807.3000000000001
ORD000642,2026-02-12,C0047,P001,Credit Card,PAID,1,269.1,0.05,255.645
ORD000643,2026-02-16,C0087,P026,Credit Card,PAID,1,12255.0,0.0,12255.0
ORD000644,2026-02-06,C0112,P014,Credit Card,PAID,2,990.0,0.1,1782.0
ORD000645,2026-02-27,C0017,P029,Bank Transfer,PAID,2,3990.0,0.05,7581.0
ORD000646,2026-02-08,C0136,P001,Bank Transfer,PAID,1,269.1,0.0,269.1
ORD000647,2026-02-26,C0071,P024,PromptPay,PAID,2,313.95,0.05,596.505
ORD000648,2026-02-19,C0078,P012,Bank Transfer,PAID,2,990.0,0.0,1980.0
ORD000649,2026-02-10,C0090,P001,Credit Card,PAID,2,269.1,0.1,484.38000000000005
ORD000650,2026-02-17,C0080,P003,Bank Transfer,PAID,2,25900.0,0.0,51800.0
ORD000651,2026-02-06,C0104,P039,PromptPay,PAID,1,940.5,0.1,846.45
ORD000652,2026-02-11,C0034,P008,Credit Card,PAID,2,499.0,0.0,998.0
ORD000653,2026-02-18,C0120,P003,Credit Card,PAID,3,27195.0,0.0,81585.0
ORD000654,2026-02-09,C0142,P027,Bank Transfer,FAILED,2,25900.0,0.0,51800.0
ORD000655,2026-02-14,C0085,P037,Bank Transfer,PAID,1,25900.0,0.0,25900.0
ORD000656,2026-02-26,C0007,P011,Bank Transfer,PAID,4,24605.0,0.0,98420.0
ORD000657,2026-02-02,C0064,P033,PromptPay,PAID,4,12900.0,0.0,51600.0
ORD000658,2026-02-18,C0154,P008,Bank Transfer,PAID,3,499.0,0.0,1497.0
ORD000659,2026-02-04,C0165,P033,PromptPay,PAID,2,11610.0,0.0,23220.0
ORD000660,2026-02-01,C0081,P012,PromptPay,PAID,2,891.0,0.0,1782.0
ORD000661,2026-02-17,C0161,P024,Bank Transfer,PAID,1,313.95,0.0,313.95
ORD000662,2026-02-18,C0001,P031,Bank Transfer,PAID,2,1415.5,0.1,2547.9
ORD000663,2026-02-03,C0098,P020,PromptPay,PAID,1,449.1,0.05,426.64500000000004
ORD000664,2026-02-21,C0054,P029,Bank Transfer,PAID,1,4189.5,0.1,3770.55
ORD000665,2026-02-14,C0072,P013,Bank Transfer,PAID,4,474.05,0.1,1706.58
ORD000666,2026-02-10,C0011,P016,Bank Transfer,PAID,1,1564.5,0.0,1564.5
ORD000667,2026-02-15,C0162,P010,PromptPay,PAID,3,940.5,0.05,2680.425
ORD000668,2026-02-07,C0056,P030,Bank Transfer,PAID,1,499.0,0.0,499.0
ORD000669,2026-02-27,C0071,P018,PromptPay,PAID,1,3591.0,0.0,3591.0
ORD000670,2026-02-21,C0024,P032,Credit Card,PAID,1,24605.0,0.0,24605.0
ORD000671,2026-02-17,C0002,P019,Bank Transfer,PAID,2,3990.0,0.1,7182.0
ORD000672,2026-02-13,C0092,P001,PromptPay,PAID,1,269.1,0.1,242.19000000000003
ORD000673,2026-02-25,C0041,P029,PromptPay,PAID,1,3990.0,0.0,3990.0
ORD000674,2026-02-09,C0057,P013,Credit Card,PAID,3,449.1,0.05,1279.9350000000002
ORD000675,2026-02-09,C0116,P025,Bank Transfer,PAID,1,25900.0,0.05,24605.0
ORD000676,2026-02-15,C0137,P028,Bank Transfer,PAID,2,284.05,0.0,568.1
ORD000677,2026-02-22,C0002,P018,Bank Transfer,PAID,2,3790.5,0.0,7581.0
ORD000678,2026-02-13,C0098,P022,Credit Card,PAID,1,499.0,0.0,499.0
ORD000679,2026-02-02,C0140,P036,PromptPay,PAID,2,269.1,0.0,538.2
ORD000680,2026-02-24,C0096,P003,PromptPay,PAID,1,25900.0,0.0,25900.0
ORD000681,2026-02-15,C0065,P012,Credit Card,REFUNDED,2,990.0,0.05,1881.0
ORD000682,2026-02-09,C0021,P020,Credit Card,PAID,4,474.05,0.05,1801.39
ORD000683,2026-02-13,C0101,P004,Credit Card,PAID,1,1490.0,0.0,1490.0
ORD000684,2026-02-02,C0106,P002,Bank Transfer,PAID,1,1490.0,0.0,1490.0
ORD000685,2026-02-13,C0092,P010,PromptPay,PAID,1,940.5,0.0,940.5
ORD000686,2026-02-20,C0121,P026,PromptPay,PAID,4,12900.0,0.0,51600.0
ORD000687,2026-02-05,C0001,P026,Credit Card,PAID,1,13545.0,0.0,13545.0
ORD000688,2026-02-08,C0131,P016,Credit Card,PAID,1,1490.0,0.1,1341.0
ORD000689,2026-02-02,C0104,P022,Credit Card,PAID,4,449.1,0.0,1796.4
ORD000690,2026-02-21,C0093,P035,Bank Transfer,PAID,2,24605.0,0.0,49210.0
ORD000691,2026-02-14,C0152,P022,PromptPay,PAID,1,499.0,0.1,449.1
ORD000692,2026-02-13,C0124,P008,Bank Transfer,PAID,1,499.0,0.0,499.0
ORD000693,2026-02-16,C0071,P024,Bank Transfer,PAID,2,313.95,0.0,627.9
ORD000694,2026-02-19,C0102,P025,Bank Transfer,PAID,3,23310.0,0.0,69930.0
ORD000695,2026-02-26,C0032,P036,PromptPay,PAID,2,284.05,0.0,568.1
ORD000696,2026-02-04,C0134,P016,PromptPay,PAID,1,1415.5,0.05,1344.725
ORD000697,2026-02-25,C0031,P030,Bank Transfer,PAID,4,523.95,0.05,1991.0100000000002
ORD000698,2026-02-16,C0089,P024,Credit Card,PAID,4,269.1,0.1,968.7600000000001
ORD000699,2026-02-22,C0086,P012,Credit Card,PAID,3,891.0,0.0,2673.0
ORD000700,2026-02-22,C0074,P035,Credit Card,FAILED,4,25900.0,0.0,103600.0
ORD000701,2026-02-05,C0022,P023,Bank Transfer,REFUNDED,1,269.1,0.05,255.645
ORD000702,2026-02-18,C0045,P027,Bank Transfer,PAID,1,23310.0,0.05,22144.5
ORD000703,2026-02-23,C0128,P007,PromptPay,PAID,2,23310.0,0.0,46620.0
ORD000704,2026-02-25,C0056,P029,PromptPay,PAID,2,3790.5,0.0,7581.0
ORD000705,2026-02-28,C0124,P031,PromptPay,FAILED,1,1341.0,0.0,1341.0
ORD000706,2026-02-24,C0122,P015,Bank Transfer,PAID,3,313.95,0.1,847.665
ORD000707,2026-02-08,C0048,P032,PromptPay,PAID,1,23310.0,0.1,20979.0
ORD000708,2026-02-02,C0036,P013,PromptPay,PAID,4,499.0,0.0,1996.0
ORD000709,2026-02-18,C0119,P011,PromptPay,PAID,4,24605.0,0.1,88578.0
ORD000710,2026-02-04,C0032,P013,PromptPay,PAID,2,523.95,0.0,1047.9
ORD000711,2026-02-05,C0002,P009,Credit Card,PAID,3,313.95,0.0,941.8499999999999
ORD000712,2026-02-27,C0081,P029,Bank Transfer,PAID,2,3990.0,0.1,7182.0
ORD000713,2026-02-18,C0035,P030,PromptPay,PAID,2,499.0,0.1,898.2
ORD000714,2026-02-06,C0084,P020,Bank Transfer,FAILED,3,474.05,0.05,1351.0425
ORD000715,2026-02-24,C0150,P023,Credit Card,PAID,1,313.95,0.0,313.95
ORD000716,2026-02-19,C0050,P001,Bank Transfer,PAID,1,299.0,0.05,284.05
ORD000717,2026-02-08,C0115,P032,Bank Transfer,PAID,4,25900.0,0.05,98420.0
ORD000718,2026-02-20,C0011,P012,Credit Card,PAID,1,940.5,0.0,940.5
ORD000719,2026-02-06,C0158,P039,Bank Transfer,PAID,1,940.5,0.0,940.5
ORD000720,2026-02-23,C0057,P039,Credit Card,PAID,4,940.5,0.0,3762.0
ORD000721,2026-02-09,C0032,P010,Credit Card,PAID,3,990.0,0.0,2970.0
ORD000722,2026-02-04,C0035,P019,Credit Card,PAID,1,4189.5,0.0,4189.5
ORD000723,2026-02-16,C0112,P006,PromptPay,PAID,2,284.05,0.0,568.1
ORD000724,2026-02-12,C0043,P018,Bank Transfer,PAID,1,3990.0,0.0,3990.0
ORD000725,2026-02-24,C0078,P020,Credit Card,PAID,1,499.0,0.0,499.0
ORD000726,2026-02-15,C0062,P036,PromptPay,PAID,1,313.95,0.0,313.95
ORD000727,2026-02-11,C0024,P003,Credit Card,FAILED,1,27195.0,0.0,27195.0
ORD000728,2026-02-11,C0111,P010,Bank Transfer,PAID,2,940.5,0.05,1786.95
ORD000729,2026-02-16,C0064,P040,PromptPay,PAID,3,3591.0,0.05,10234.35
ORD000730,2026-02-22,C0042,P010,Bank Transfer,PAID,1,990.0,0.0,990.0
ORD000731,2026-02-20,C0156,P007,PromptPay,PAID,1,23310.0,0.0,23310.0
ORD000732,2026-02-22,C0019,P021,Credit Card,PAID,2,25900.0,0.0,51800.0
ORD000733,2026-02-20,C0030,P022,PromptPay,PAID,2,499.0,0.0,998.0
ORD000734,2026-02-06,C0165,P035,PromptPay,PAID,1,25900.0,0.05,24605.0
ORD000735,2026-02-16,C0092,P032,Credit Card,PAID,1,25900.0,0.0,25900.0
ORD000736,2026-02-27,C0022,P003,Bank Transfer,PAID,1,25900.0,0.1,23310.0
ORD000737,2026-02-25,C0003,P032,Credit Card,PAID,1,25900.0,0.0,25900.0
ORD000738,2026-02-10,C0105,P024,Bank Transfer,PAID,2,313.95,0.05,596.505
ORD000739,2026-02-10,C0114,P035,Credit Card,PAID,2,27195.0,0.0,54390.0
ORD000740,2026-02-08,C0012,P015,Bank Transfer,PAID,2,284.05,0.05,539.695
ORD000741,2026-02-19,C0145,P024,PromptPay,PAID,2,313.95,0.0,627.9
ORD000742,2026-02-11,C0079,P033,Credit Card,REFUNDED,3,13545.0,0.0,40635.0
ORD000743,2026-02-14,C0041,P005,PromptPay,PAID,1,299.0,0.05,284.05
ORD000744,2026-02-26,C0148,P026,PromptPay,PAID,1,12255.0,0.0,12255.0
ORD000745,2026-02-13,C0045,P037,Credit Card,PAID,2,25900.0,0.0,51800.0
ORD000746,2026-02-24,C0148,P011,Bank Transfer,PAID,1,27195.0,0.0,27195.0
ORD000747,2026-02-25,C0147,P035,PromptPay,PAID,4,25900.0,0.05,98420.0
ORD000748,2026-02-16,C0150,P003,Credit Card,PAID,4,25900.0,0.05,98420.0
ORD000749,2026-02-27,C0148,P024,PromptPay,PAID,2,269.1,0.05,511.29
ORD000750,2026-02-17,C0115,P002,Credit Card,PAID,4,1490.0,0.0,5960.0
